-- phpMyAdmin SQL Dump
-- version 3.5.2.2
-- http://www.phpmyadmin.net
--
-- Host: 127.0.0.1
-- Generation Time: Mar 14, 2013 at 12:07 AM
-- Server version: 5.5.27
-- PHP Version: 5.4.7

SET SQL_MODE="NO_AUTO_VALUE_ON_ZERO";
SET time_zone = "+00:00";
GRANT ALL PRIVILEGES ON movies.* TO 'webuser'@'localhost' identified by '12345';

/*!40101 SET @OLD_CHARACTER_SET_CLIENT=@@CHARACTER_SET_CLIENT */;
/*!40101 SET @OLD_CHARACTER_SET_RESULTS=@@CHARACTER_SET_RESULTS */;
/*!40101 SET @OLD_COLLATION_CONNECTION=@@COLLATION_CONNECTION */;
/*!40101 SET NAMES utf8 */;

--
-- Database: `movies`
--

-- --------------------------------------------------------

--
-- Table structure for table `images`
--

CREATE TABLE IF NOT EXISTS `images` (
  `id` int(11) DEFAULT NULL,
  `link` varchar(300) DEFAULT NULL,
  PRIMARY KEY (`id`)
) ENGINE=MyISAM DEFAULT CHARSET=latin1;

--
-- Dumping data for table `images`
--

INSERT INTO `images` (`id`, `link`) VALUES
(1, 'http://content9.flixster.com/movie/11/16/77/11167739_det.jpg'),
(2, 'http://content7.flixster.com/movie/11/16/77/11167789_det.jpg'),
(3, 'http://content9.flixster.com/movie/11/16/83/11168351_det.jpg'),
(4, 'http://content9.flixster.com/movie/11/17/02/11170263_det.jpg'),
(5, 'http://content7.flixster.com/movie/27/63/276305_det.jpg'),
(6, 'http://content7.flixster.com/movie/11/17/01/11170149_det.jpg'),
(7, 'http://content7.flixster.com/movie/11/16/66/11166645_det.jpg'),
(8, 'http://content9.flixster.com/movie/11/16/78/11167831_det.jpg'),
(10, 'http://content7.flixster.com/movie/11/16/77/11167789_det.jpg'),
(11, 'http://content9.flixster.com/movie/11/16/83/11168351_det.jpg'),
(12, 'http://content6.flixster.com/movie/11/16/65/11166572_det.jpg'),
(13, 'http://content7.flixster.com/movie/11/16/83/11168309_det.jpg'),
(14, 'http://content8.flixster.com/movie/11/16/83/11168350_det.jpg');

-- --------------------------------------------------------

--
-- Table structure for table `movie`
--

CREATE TABLE IF NOT EXISTS `movie` (
  `id` int(11) NOT NULL AUTO_INCREMENT,
  `movie_title` varchar(50) NOT NULL,
  `genre` varchar(20) NOT NULL,
  `lead_actor` varchar(50) NOT NULL,
  `lead_actress` varchar(50) NOT NULL,
  `MPAA` varchar(5) NOT NULL,
  `run_time` int(11) NOT NULL,
  PRIMARY KEY (`id`)
) ENGINE=InnoDB  DEFAULT CHARSET=latin1 AUTO_INCREMENT=4 ;

--
-- Dumping data for table `movie`
--

INSERT INTO `movie` (`id`, `movie_title`, `genre`, `lead_actor`, `lead_actress`, `MPAA`, `run_time`) VALUES
(1, 'Identity Thief ', 'comedy', 'Jason Bateman', 'Melissa McCarthy', 'R', 111),
(2, 'Safe Haven ', 'Drama', 'Josh Duhamel', 'Julianne Hough', 'PG-13', 115),
(3, 'A Good Day to Die Hard', 'Action', 'Bruce Willis', 'Mary Elizabeth Winstead', 'R', 97),
(4, 'The Hobbit: An Unexpected Journey', 'Science Fiction', 'Martin Freeman', 'N/A', 'PG-13', 170),
(5, 'Gigli ', 'Drama', 'Ben Affleck', 'Jennifer Lopez', 'R', 121),
(6, 'Hitchcock', 'Drama', 'Anthony Hopkins', 'Helen Mirren ', 'PG-13', 98),
(7, 'Wreck-it Ralph', 'Animation', 'John C. Reilly', 'N/A', 'PG', 92),
(8, 'Taken 2 ', 'Suspense', 'Liam Neeson', 'N/A', 'PG-13', 92),
(10, 'Safe Haven ', 'Drama', 'Josh Duhamel ', 'Julianne Hough ', 'PG-13', 115),
(11, 'A Good Day To Die Hard', 'Action', 'Bruce Willis', 'N/A', 'R', 110),
(12, 'Silver Linings Playbook', 'Comedy ', 'Bradley Cooper', 'Jennifer Lawrence', 'R', 120),
(13, 'The Last Exorcism Part II', 'Horrow', 'N/A', 'Ashley Bell', 'PG-13', 88),
(14, 'Snitch', 'Action', 'Dwayne Johnson', 'N/A', 'PG-13', 95);

-- --------------------------------------------------------

--
-- Table structure for table `ratings`
--

CREATE TABLE IF NOT EXISTS `ratings` (
  `movie` int(11) NOT NULL,
  `review` blob NOT NULL,
  `rating` int(11) NOT NULL,
  `review_date` date NOT NULL,
  PRIMARY KEY (`movie`),
  FOREIGN KEY (`movie`) REFERENCES movie(`id`)
) ENGINE=InnoDB DEFAULT CHARSET=latin1;

--
-- Dumping data for table `ratings`
--

INSERT INTO `ratings` (`movie`, `review`, `rating`, `review_date`) VALUES
(1, 0x556e6c696d697465642066756e6473206861766520616c6c6f776564204469616e6120284d634361727468792920746f206c697665206974207570206f6e20746865206f7574736b69727473206f66204d69616d692c2077686572652074686520717565656e206f662072657461696c206275797320776861746576657220737472696b6573206865722066616e63792e205468657265206973206f6e6c79206f6e6520676c697463683a2054686520494420736865206973207573696e6720746f2066696e616e6365207468657365207370726565732072656164732053616e647920426967656c6f7720506174746572736f6e2e2e2e2e616e642069742062656c6f6e677320746f20616e206163636f756e7473207265702028426174656d616e292077686f206c697665732068616c66776179206163726f73732074686520552e532e2057697468206f6e6c79206f6e65207765656b20746f2068756e7420646f776e2074686520636f6e20617274697374206265666f72652068697320776f726c6420696d706c6f6465732c20746865207265616c2053616e647920426967656c6f7720506174746572736f6e20686561647320736f75746820746f20636f6e66726f6e742074686520776f6d616e207769746820616e20616c6c2d616363657373207061737320746f20686973206c6966652e20416e6420617320686520617474656d70747320746f2062726962652c20636f617820616e64207772616e676c65206865722074686520322c303030206d696c657320746f2044656e7665722c206f6e652065617379207461726765742077696c6c20646973636f766572206a75737420686f7720746f75676820697420697320746f2067657420796f7572206e616d65206261636b2e, 8, '0000-00-00'),
(4, 0x54686520486f626269743a20416e20556e6578706563746564204a6f75726e657920666f6c6c6f7773207469746c65206368617261637465722042696c626f2042616767696e732c2077686f20697320737765707420696e746f20616e206570696320717565737420746f207265636c61696d20746865206c6f7374204477617266204b696e67646f6d206f6620457265626f722c20776869636820776173206c6f6e672061676f20636f6e7175657265642062792074686520647261676f6e20536d6175672e20417070726f6163686564206f7574206f662074686520626c7565206279207468652077697a6172642047616e64616c662074686520477265792c2042696c626f2066696e64732068696d73656c66206a6f696e696e67206120636f6d70616e79206f6620746869727465656e2064776172766573206c656420627920746865206c6567656e646172792077617272696f722054686f72696e204f616b656e736869656c642e20416c74686f75676820746865697220676f616c206c69657320746f20746865204561737420616e64207468652077617374656c616e6473206f6620746865204c6f6e656c79204d6f756e7461696e2c2066697273742074686579206d757374206573636170652074686520676f626c696e2074756e6e656c732c2077686572652042696c626f206d656574732074686520637265617475726520746861742077696c6c206368616e676520686973206c69666520666f72657665722e2e2e20476f6c6c756d2e20486572652c20616c6f6e65207769746820476f6c6c756d2c206f6e207468652073686f726573206f6620616e20756e64657267726f756e64206c616b652c2074686520756e617373756d696e672042696c626f2042616767696e73206e6f74206f6e6c7920646973636f7665727320646570746873206f666775696c6520616e6420636f75726167652074686174207375727072697365206576656e2068696d2c20686520616c736f206761696e7320706f7373657373696f6e206f6620476f6c6c756d2773202270726563696f757322202e2e2e612073696d706c652c20676f6c642072696e672074686174206973207469656420746f207468652066617465206f6620616c6c204d6964646c652d656172746820696e20776179732042696c626f2063616e6e6f7420626567696e20746f206b6e6f772e202d2d20284329205761726e65722042726f73, 9, '2013-03-17'),
(5, 0x4c61727279204769676c69202842656e204166666c65636b292069732061206c6f772d6c6576656c204c6f7320416e67656c6573206d6f6220656e666f726365722e2048697320766f6c6174696c6520626f73732c204c6f75697320284c656e6e792056656e69746f292c206869726573204769676c6920746f206b69646e617020427269616e20286e6577636f6d6572204a757374696e20426172746861292c20746865206d656e74616c6c792068616e646963617070656420796f756e6765722062726f74686572206f662061206665646572616c2070726f73656375746f722077686f27732061626f757420746f206272696e67204c6f7569732720626f737320746f20747269616c20696e204e657720596f726b2e204769676c69206765747320746865206b696420686f6d6520776974686f757420612068697463682e205468656e20612062656175746966756c20776f6d616e20284a656e6e69666572204c6f70657a292073686f77732075702061742068697320646f6f722e20536865207361797320686572206e616d65206973205269636b692c20616e64204769676c6920736f6f6e206c6561726e73207468617420746865206e6572766f7573204c6f756973206861732068697265642068657220746f206b65657020616e20657965206f6e2068696d2e2022496e2065766572792072656c6174696f6e736869702c22204769676c6920736f6f6e2066696e64732068696d73656c66206578706f756e64696e6720746f2068697320756e77616e74656420706172746e65722c20227468657265277320612062756c6c20616e64206120636f772e2220486973206566666f72747320746f206d61696e7461696e20636f6e74726f6c206f662074686520736974756174696f6e2061726520667572746865722068616d70657265642062792074686520627269656620617070656172616e6365206f662074686520696e73616e6520446574656374697665205374616e6c6579204a61636f62656c6c697320284368726973746f706865722057616c6b656e2920616e64206120666f7263656420766973697420746f20686973206f76657262656172696e67206d6f74686572277320284c61696e6965204b617a616e2920686f7573652e20546f206d616b65206d61747465727320776f7273652c207768656e204769676c6920657870726573736573206869732061747472616374696f6e20746f205269636b692c206865206c6561726e7320746861742073686527732061206c65736269616e2e205368652c206d65616e7768696c652c2070726f7665732068657273656c6620636f6e736964657261626c79206d6f72652063617061626c65207468616e20746865206c756e6b686561646564204769676c692c2077696e6e696e6720746865697220776172206f6620776f72647320616e64206576656e2073636172696e67206f6666206120726f7764792067726f7570206f662068696768207363686f6f6c206b6964732e204173204769676c6920616e64205269636b6920636f6e74696e756520746f206c6f6f6b2061667465722074686520796f756e672c20696e6e6f63656e7420427269616e2c20746865792066696e64207468656d73656c76657320696e6372656173696e676c792061747472616374656420746f206f6e6520616e6f746865722e2042757420746865697220706f74656e7469616c2062756464696e6720726f6d616e636520697320707574206f6e20686f6c64207768656e20537461726b6d616e2028416c20506163696e6f2920617272697665732066726f6d204e657720596f726b2c20616e6772792061626f757420686f7720686973206166666169727320617265206265696e672068616e646c65642e204469726563746f72204d617274696e2042726573742c20696e206869732066697273742066696c6d2073696e636520313939382773204d656574204a6f6520426c61636b2c2072657475726e7320746f20746865206372696d6520636f6d6564792067656e72652074686174206d616465206869732072657075746174696f6e2e20427265737420616c736f2077726f7465207468652073637269707420666f72204769676c692c206869732066697273742073696e63652031393739277320476f696e6720696e205374796c652e205374617273204166666c65636b20616e64204c6f70657a20626567616e20612077656c6c2d7075626c6963697a656420726f6d616e7469632072656c6174696f6e73686970206f6e2074686520736574206f66207468652066696c6d2e207e204a6f73682052616c736b652c20526f7669, 1, '2013-03-17'),
(6, 0x4849544348434f434b2069732061206c6f76652073746f72792061626f7574206f6e65206f6620746865206d6f737420696e666c75656e7469616c2066696c6d6d616b657273206f6620746865206c6173742063656e747572792c20416c66726564204869746368636f636b20616e6420686973207769666520616e6420706172746e657220416c6d6120526576696c6c652e205468652066696c6d2074616b657320706c61636520647572696e6720746865206d616b696e67206f66204869746368636f636b27732073656d696e616c206d6f7669652050737963686f2e, 6, '2013-03-17'),
(7, 0x52616c706820284a6f686e20432e205265696c6c7929206973207469726564206f66206265696e67206f766572736861646f776564206279204669782d49742046656c697820284a61636b204d63427261796572292c207468652022676f6f6420677579222073746172206f662074686569722067616d652077686f20616c77617973206765747320746f207361766520746865206461792e20427574206166746572206465636164657320646f696e67207468652073616d65207468696e6720616e6420736565696e6720616c6c2074686520676c6f727920676f20746f2046656c69782c2052616c706820646563696465732068652773207469726564206f6620706c6179696e672074686520726f6c65206f66206120626164206775792e2048652074616b6573206d61747465727320696e746f20686973206f776e206d6173736976652068616e647320616e642073657473206f6666206f6e20612067616d652d686f7070696e67206a6f75726e6579206163726f73732074686520617263616465207468726f7567682065766572792067656e65726174696f6e206f6620766964656f2067616d657320746f2070726f7665206865277320676f7420776861742069742074616b657320746f2062652061206865726f2e204f6e206869732071756573742c206865206d656574732074686520746f7567682d61732d6e61696c73205365726765616e742043616c686f756e20284a616e65204c796e6368292066726f6d207468652066697273742d706572736f6e20616374696f6e2067616d65204865726f277320447574792e2042757420697427732074686520666569737479206d69736669742056616e656c6c6f706520766f6e20536368776565747a202853617261682053696c7665726d616e292066726f6d207468652063616e64792d636f61746564206361727420726163696e672067616d652c20537567617220527573682c2077686f736520776f726c6420697320746872656174656e6564207768656e2052616c7068206163636964656e74616c6c7920756e6c656173686573206120646561646c7920656e656d79207468617420746872656174656e732074686520656e74697265206172636164652e2057696c6c2052616c7068207265616c697a652068697320647265616d20616e6420736176652074686520646179206265666f7265206974277320746f6f206c6174653f202d2d20284329204469736e6579, 8, '2013-03-17'),
(8, 0x4c69616d204e6565736f6e2072657475726e7320617320427279616e204d696c6c732c20746865207265746972656420434941206167656e74207769746820612022706172746963756c617220736574206f6620736b696c6c73222077686f2073746f70706564206174206e6f7468696e6720746f207361766520686973206461756768746572204b696d2066726f6d206b69646e6170706572732e205768656e2074686520666174686572206f66206f6e65206f66207468652076696c6c61696e7320427279616e206b696c6c65642073776561727320726576656e67652c20616e642074616b657320427279616e20616e6420686973207769666520686f737461676520696e20497374616e62756c2c20427279616e20656e6c69737473204b696d20746f2068656c70207468656d206573636170652e20427279616e207468656e20656d706c6f79732068697320756e69717565207461637469637320746f20676574206869732066616d696c7920746f2073616665747920616e642073797374656d61746963616c6c792074616b65206f757420746865206b69646e6170706572732c206f6e65206279206f6e652e202d2d20284329204f6666696369616c2053697465, 2, '2013-03-17'),
(10, 0x416e2061666669726d696e6720616e642073757370656e736566756c2073746f72792061626f7574206120796f756e6720776f6d616e2773207374727567676c6520746f206c6f766520616761696e2c205361666520486176656e206973206261736564206f6e20746865206e6f76656c2066726f6d204e6963686f6c617320537061726b732c2074686520626573742d73656c6c696e6720617574686f7220626568696e6420746865206869742066696c6d7320546865204e6f7465626f6f6b20616e642044656172204a6f686e2e205768656e2061206d7973746572696f757320796f756e6720776f6d616e206172726976657320696e206120736d616c6c204e6f727468204361726f6c696e6120746f776e2c206865722072656c756374616e636520746f206a6f696e20746865207469676874206b6e697420636f6d6d756e69747920726169736573207175657374696f6e732061626f75742068657220706173742e20536c6f776c792c2073686520626567696e732070757474696e6720646f776e20726f6f74732c20616e64206761696e732074686520636f757261676520746f20737461727420612072656c6174696f6e73686970207769746820416c65782c2061207769646f7765642073746f7265206f776e657220776974682074776f20796f756e67206368696c6472656e2e20427574206461726b207365637265747320696e7472756465206f6e20686572206e6577206c6966652077697468207375636820746572726f7220746861742073686520697320666f7263656420746f207265646973636f76657220746865206d65616e696e67206f662073616372696669636520616e642072656c79206f6e2074686520706f776572206f66206c6f766520696e207468697320646565706c79206d6f76696e6720726f6d616e74696320746872696c6c65722e, 1, '2013-03-17'),
(11, 0x4a6f686e204d63436c616e65202842727563652057696c6c69732920686561647320746f2052757373696120696e207468697320666966746820696e7374616c6c6d656e74206f66207468652044696520486172642066696c6d207365726965732e20536b697020576f6f6473202854686520412d5465616d292070726f766964657320746865207363726970742c2077697468204d6178205061796e652773204a6f686e204d6f6f726520646972656374696e672e207e204a6572656d7920576865656c65722c20526f7669, 1, '2013-03-17'),
(12, 0x4c69666520646f65736e277420616c7761797320676f206163636f7264696e6720746f20706c616e2e2050617420536f6c6174616e6f2028427261646c657920436f6f7065722920686173206c6f73742065766572797468696e67202d2d2068697320686f7573652c20686973206a6f622c20616e642068697320776966652e204865206e6f772066696e64732068696d73656c66206c6976696e67206261636b207769746820686973206d6f7468657220284a61636b69205765617665722920616e64206661746865722028526f626572742044654e69726f29206166746572207370656e64696e67206569676874206d6f6e746873206973206120737461746520696e737469747574696f6e206f6e206120706c6561206261726761696e2e205061742069732064657465726d696e656420746f2072656275696c6420686973206c6966652c2072656d61696e20706f73697469766520616e64207265756e69746520776974682068697320776966652c206465737069746520746865206368616c6c656e67696e672063697263756d7374616e636573206f662074686569722073657061726174696f6e2e20416c6c20506174277320706172656e74732077616e7420697320666f722068696d20746f20676574206261636b206f6e2068697320666565742d616e6420746f2073686172652074686569722066616d696c792773206f6273657373696f6e207769746820746865205068696c6164656c70686961204561676c657320666f6f7462616c6c207465616d2e205768656e20506174206d656574732054696666616e7920284a656e6e69666572204c617772656e6365292c2061206d7973746572696f7573206769726c20776974682070726f626c656d73206f6620686572206f776e2c207468696e67732067657420636f6d706c6963617465642e2054696666616e79206f666665727320746f2068656c7020506174207265636f6e6e65637420776974682068697320776966652c20627574206f6e6c79206966206865276c6c20646f20736f6d657468696e67207665727920696d706f7274616e7420666f722068657220696e2072657475726e2e204173207468656972206465616c20706c617973206f75742c20616e20756e657870656374656420626f6e6420626567696e7320746f20666f726d206265747765656e207468656d2c20616e642073696c766572206c696e696e67732061707065617220696e20626f7468206f66207468656972206c697665732e202d2d20284329205765696e737465696e, 9, '2013-03-17'),
(13, 0x436f6e74696e75696e67207768657265207468652066697273742066696c6d206c656674206f66662c204e656c6c2053776565747a657220284173686c65792042656c6c2920697320666f756e642074657272696669656420616e6420616c6f6e6520696e20727572616c204c6f75697369616e612e204261636b20696e207468652072656c617469766520736166657479206f66204e6577204f726c65616e732c204e656c6c207265616c697a65732074686174207368652063616e27742072656d656d62657220656e7469726520706f7274696f6e73206f66207468652070726576696f7573206d6f6e746873206f6e6c7920746861742073686520697320746865206c61737420737572766976696e67206d656d626572206f66206865722066616d696c792e204a757374206173204e656c6c20626567696e732074686520646966666963756c742070726f63657373206f66207374617274696e672061206e6577206c6966652c20746865206576696c20666f7263652074686174206f6e636520706f7373657373656420686572206973206261636b2077697468206f746865722c20756e696d6167696e61626c7920686f72726966696320706c616e732074686174206d65616e20686572206c6173742065786f726369736d20776173206a7573742074686520626567696e6e696e672e20286329204342532046696c6d73, 1, '2013-03-17'),
(14, 0x496e2074686520666173742d706163656420616374696f6e20746872696c6c657220534e495443482c20447761796e65204a6f686e736f6e2073746172732061732061206661746865722077686f7365207465656e61676520736f6e2069732077726f6e676c792061636375736564206f662061206472756720646973747269627574696f6e206372696d6520616e64206973206c6f6f6b696e672061742061206d616e6461746f7279206d696e696d756d20707269736f6e2073656e74656e6365206f662031302079656172732e2044657370657261746520616e642064657465726d696e656420746f207265736375652068697320736f6e20617420616c6c20636f7374732c206865206d616b65732061206465616c20776974682074686520552e532e206174746f726e657920746f20776f726b20617320616e20756e646572636f76657220696e666f726d616e7420616e6420696e66696c7472617465206120647275672063617274656c206f6e20612064616e6765726f7573206d697373696f6e202d2d207269736b696e672065766572797468696e672c20696e636c7564696e67206869732066616d696c7920616e6420686973206f776e206c6966652e202863292053756d6d6974, 5, '2013-03-17');

-- --------------------------------------------------------

--
-- Table structure for table `users`
--

CREATE TABLE IF NOT EXISTS `users` (
  `user_id` int(11) NOT NULL AUTO_INCREMENT,
  `user_name` varchar(50) NOT NULL,
  `password` varchar(50) NOT NULL,
  PRIMARY KEY (`user_id`)
) ENGINE=InnoDB  DEFAULT CHARSET=latin1 AUTO_INCREMENT=2 ;

--
-- Dumping data for table `users`
--

INSERT INTO `users` (`user_id`, `user_name`, `password`) VALUES
(1, 'admin', '348162101fc6f7e624681b7400b085eeac6df7bd');

/*!40101 SET CHARACTER_SET_CLIENT=@OLD_CHARACTER_SET_CLIENT */;
/*!40101 SET CHARACTER_SET_RESULTS=@OLD_CHARACTER_SET_RESULTS */;
/*!40101 SET COLLATION_CONNECTION=@OLD_COLLATION_CONNECTION */;
